date,year,month,day,month_name,iso_week,quarter,day_of_year,weekday,weekday_name,is_weekend,is_holiday,holiday_name,branch_open_hours,staff_on_duty,is_payday,marketing_campaign,promo_strength,atm_outage,temp_c,rain_mm,aqi,dust_event,total_visit,teller_visits,atm_visits,service_visits,transactions_total,avg_wait_time_min,new_accounts_opened,loan_inquiries,complaints,cash_deposits,cash_withdrawals,fx_transactions
2024-01-01,2024,1,1,January,1,1,1,0,Monday,0,1,New Year (synthetic),0,0,1,0,0.0,0,26.2,0.0,91,0,0,0,0,0,0,0.0,0,0,0,0,0,0
2024-01-02,2024,1,2,January,1,1,2,1,Tuesday,0,0,,8,18,0,0,0.0,0,28.3,0.0,99,0,183,77,66,40,205,2.7,0,4,0,101,85,16
2024-01-03,2024,1,3,January,1,1,3,2,Wednesday,0,0,,8,22,0,0,0.0,0,27.1,0.0,113,0,155,79,68,8,155,2.7,0,1,1,78,61,9
2024-01-04,2024,1,4,January,1,1,4,3,Thursday,0,0,,8,15,0,0,0.0,0,26.6,0.0,95,0,151,72,66,13,156,2.6,1,3,2,77,59,5
2024-01-05,2024,1,5,January,1,1,5,4,Friday,1,0,,0,0,0,0,0.0,0,28.8,0.0,94,0,0,0,0,0,0,0.0,0,0,0,0,0,0
2024-01-06,2024,1,6,January,1,1,6,5,Saturday,1,0,,5,10,0,0,0.0,0,29.5,0.0,113,0,101,43,40,18,148,3.3,2,1,0,72,67,6
2024-01-07,2024,1,7,January,1,1,7,6,Sunday,0,0,,8,21,0,0,0.0,0,21.1,8.8,85,0,164,69,65,30,217,2.6,2,4,2,97,99,18
2024-01-08,2024,1,8,January,2,1,8,0,Monday,0,0,,8,18,0,0,0.0,0,28.0,10.0,84,0,183,86,73,24,187,3.0,0,3,1,77,74,17
2024-01-09,2024,1,9,January,2,1,9,1,Tuesday,0,0,,8,15,0,0,0.0,0,28.5,19.3,94,0,141,62,62,17,165,2.7,0,1,3,74,62,10
2024-01-10,2024,1,10,January,2,1,10,2,Wednesday,0,0,,8,19,0,0,0.0,0,23.6,6.4,97,0,167,70,69,28,206,3.1,1,2,0,88,94,17
2024-01-11,2024,1,11,January,2,1,11,3,Thursday,0,0,,8,16,0,0,0.0,0,25.0,0.0,77,0,174,78,68,28,217,2.7,1,2,0,109,77,15
2024-01-12,2024,1,12,January,2,1,12,4,Friday,1,0,,0,0,0,0,0.0,0,26.6,0.0,103,0,0,0,0,0,0,0.0,0,0,0,0,0,0
2024-01-13,2024,1,13,January,2,1,13,5,Saturday,1,0,,5,8,0,0,0.0,0,21.1,12.0,95,0,120,51,48,21,126,1.9,3,2,2,54,50,4
2024-01-14,2024,1,14,January,2,1,14,6,Sunday,0,0,,8,21,0,0,0.0,0,24.2,0.0,112,0,169,70,72,27,208,1.3,1,2,0,85,81,7
2024-01-15,2024,1,15,January,3,1,15,0,Monday,0,0,,8,22,1,0,0.0,0,25.9,0.0,101,0,214,100,88,26,234,3.2,1,2,0,105,98,14
2024-01-16,2024,1,16,January,3,1,16,1,Tuesday,0,0,,8,20,0,0,0.0,1,26.6,0.0,109,0,174,90,49,35,182,3.1,1,2,2,84,67,9
2024-01-17,2024,1,17,January,3,1,17,2,Wednesday,0,0,,8,22,0,0,0.0,0,23.3,0.0,118,1,136,69,49,18,179,2.4,2,2,0,74,65,11
2024-01-18,2024,1,18,January,3,1,18,3,Thursday,0,0,,8,18,0,0,0.0,0,22.2,7.8,91,0,158,80,58,20,190,3.8,2,2,0,86,83,12
2024-01-19,2024,1,19,January,3,1,19,4,Friday,1,0,,0,0,0,0,0.0,0,25.6,0.0,100,0,0,0,0,0,0,0.0,0,0,0,0,0,0
2024-01-20,2024,1,20,January,3,1,20,5,Saturday,1,0,,5,8,0,0,0.0,0,24.5,3.5,91,0,110,47,49,14,137,3.2,1,2,0,64,60,10
2024-01-21,2024,1,21,January,3,1,21,6,Sunday,0,0,,8,20,0,0,0.0,0,24.5,0.0,78,0,182,79,79,24,182,2.7,1,3,1,83,70,14
2024-01-22,2024,1,22,January,4,1,22,0,Monday,0,0,,8,15,0,0,0.0,0,24.5,0.0,95,0,185,94,68,23,209,2.1,1,2,1,108,80,8
2024-01-23,2024,1,23,January,4,1,23,1,Tuesday,0,0,,8,22,0,0,0.0,0,26.0,2.1,111,0,179,90,76,13,179,3.4,0,2,0,76,72,16
2024-01-24,2024,1,24,January,4,1,24,2,Wednesday,0,1,Bank Holiday Jan 24 (synthetic),0,0,0,0,0.0,0,24.3,0.0,90,0,0,0,0,0,0,0.0,0,0,0,0,0,0
2024-01-25,2024,1,25,January,4,1,25,3,Thursday,0,0,,8,17,0,0,0.0,0,17.4,0.0,104,0,160,70,63,27,184,2.4,1,0,1,86,79,11
2024-01-26,2024,1,26,January,4,1,26,4,Friday,1,0,,0,0,0,0,0.0,0,22.0,13.4,82,0,0,0,0,0,0,0.0,0,0,0,0,0,0
2024-01-27,2024,1,27,January,4,1,27,5,Saturday,1,0,,5,9,0,0,0.0,0,20.7,1.6,87,0,121,55,50,16,135,3.1,2,5,0,57,59,8
2024-01-28,2024,1,28,January,4,1,28,6,Sunday,0,0,,8,15,0,0,0.0,0,21.4,0.0,88,0,171,72,68,31,191,2.9,0,4,0,89,80,9
2024-01-29,2024,1,29,January,5,1,29,0,Monday,0,0,,8,20,0,0,0.0,0,22.2,0.0,85,0,179,87,72,20,236,2.6,1,2,1,112,90,8
2024-01-30,2024,1,30,January,5,1,30,1,Tuesday,0,0,,8,16,0,0,0.0,0,21.8,6.1,100,0,168,83,65,20,195,3.4,0,0,1,95,90,6
2024-01-31,2024,1,31,January,5,1,31,2,Wednesday,0,0,,8,18,0,0,0.0,0,20.4,0.0,75,0,159,69,63,27,175,2.4,1,2,0,71,68,12
2024-02-01,2024,2,1,February,5,1,32,3,Thursday,0,0,,8,22,1,0,0.0,0,22.2,7.9,93,0,201,87,77,37,238,3.0,1,3,0,117,94,18
2024-02-02,2024,2,2,February,5,1,33,4,Friday,1,0,,0,0,0,0,0.0,0,10.6,0.0,77,0,0,0,0,0,0,0.0,0,0,0,0,0,0
2024-02-03,2024,2,3,February,5,1,34,5,Saturday,1,0,,5,8,0,0,0.0,0,20.9,4.7,90,0,116,56,49,11,130,4.0,2,3,0,55,55,10
2024-02-04,2024,2,4,February,5,1,35,6,Sunday,0,0,,8,14,0,0,0.0,0,21.9,0.0,90,0,151,66,63,22,155,3.1,0,4,1,68,67,12
2024-02-05,2024,2,5,February,6,1,36,0,Monday,0,0,,8,19,0,0,0.0,0,21.9,11.1,95,0,149,68,54,27,200,1.6,0,3,0,84,83,14
2024-02-06,2024,2,6,February,6,1,37,1,Tuesday,0,0,,8,18,0,0,0.0,0,18.0,0.0,99,0,159,71,64,24,171,2.7,2,0,0,75,70,9
2024-02-07,2024,2,7,February,6,1,38,2,Wednesday,0,0,,8,22,0,0,0.0,0,23.8,18.3,87,0,147,67,63,17,147,2.3,2,1,1,60,55,11
2024-02-08,2024,2,8,February,6,1,39,3,Thursday,0,0,,8,20,0,0,0.0,0,21.0,0.0,94,0,162,78,72,12,170,2.5,2,3,0,82,63,13
2024-02-09,2024,2,9,February,6,1,40,4,Friday,1,0,,0,0,0,0,0.0,0,22.1,0.0,93,0,0,0,0,0,0,0.0,0,0,0,0,0,0
2024-02-10,2024,2,10,February,6,1,41,5,Saturday,1,0,,5,9,0,0,0.0,0,16.8,0.0,119,0,105,49,42,14,122,3.6,0,3,0,55,45,4
2024-02-11,2024,2,11,February,6,1,42,6,Sunday,0,0,,8,15,0,0,0.0,0,14.5,20.5,71,0,152,69,62,21,198,3.2,0,1,0,94,88,10
2024-02-12,2024,2,12,February,7,1,43,0,Monday,0,0,,8,14,0,1,0.297,0,14.4,0.0,80,0,243,101,85,57,294,3.5,3,2,0,133,124,14
2024-02-13,2024,2,13,February,7,1,44,1,Tuesday,0,0,,8,17,0,1,0.297,0,20.4,0.0,86,0,206,103,89,14,227,3.0,1,3,1,93,84,11
2024-02-14,2024,2,14,February,7,1,45,2,Wednesday,0,0,,8,18,0,1,0.297,0,15.1,0.0,68,0,207,90,74,43,247,5.2,1,2,0,121,106,15
2024-02-15,2024,2,15,February,7,1,46,3,Thursday,0,0,,8,14,1,1,0.297,0,16.6,0.0,85,0,209,106,83,20,258,3.5,3,1,0,116,100,9
2024-02-16,2024,2,16,February,7,1,47,4,Friday,1,0,,0,0,0,1,0.297,0,13.2,3.1,97,0,0,0,0,0,0,0.0,0,0,0,0,0,0
2024-02-17,2024,2,17,February,7,1,48,5,Saturday,1,0,,5,11,0,1,0.297,0,18.7,21.9,66,0,128,59,50,19,145,2.6,4,2,0,59,55,5
2024-02-18,2024,2,18,February,7,1,49,6,Sunday,0,0,,8,17,0,1,0.297,0,15.3,10.8,76,0,223,106,81,36,299,2.5,3,1,1,153,115,22
2024-02-19,2024,2,19,February,8,1,50,0,Monday,0,0,,8,16,0,1,0.297,0,11.8,0.0,103,0,241,121,97,23,248,1.3,0,2,0,124,95,12
2024-02-20,2024,2,20,February,8,1,51,1,Tuesday,0,0,,8,22,0,1,0.297,0,13.3,0.0,90,0,240,108,105,27,273,3.4,2,5,0,123,106,16
2024-02-21,2024,2,21,February,8,1,52,2,Wednesday,0,0,,8,16,0,0,0.0,0,14.4,0.0,90,0,156,71,66,19,188,1.2,1,1,1,84,81,7
2024-02-22,2024,2,22,February,8,1,53,3,Thursday,0,0,,8,15,0,0,0.0,0,17.4,0.0,76,0,166,69,59,38,166,2.9,0,4,1,75,73,14
2024-02-23,2024,2,23,February,8,1,54,4,Friday,1,0,,0,0,0,0,0.0,0,16.3,0.0,84,0,0,0,0,0,0,0.0,0,0,0,0,0,0
2024-02-24,2024,2,24,February,8,1,55,5,Saturday,1,0,,5,10,0,0,0.0,0,12.9,10.9,91,0,114,51,48,15,148,2.5,0,1,0,68,62,7
2024-02-25,2024,2,25,February,8,1,56,6,Sunday,0,0,,8,21,0,0,0.0,0,16.8,11.6,76,0,145,63,63,19,153,2.6,2,0,0,65,61,9
2024-02-26,2024,2,26,February,9,1,57,0,Monday,0,0,,8,18,0,0,0.0,0,18.0,10.4,89,0,181,89,80,12,189,2.9,1,2,2,93,71,15
2024-02-27,2024,2,27,February,9,1,58,1,Tuesday,0,0,,8,16,0,0,0.0,0,10.4,0.0,72,0,175,77,74,24,192,3.6,1,5,0,81,70,12
2024-02-28,2024,2,28,February,9,1,59,2,Wednesday,0,0,,8,18,0,0,0.0,0,18.1,0.0,80,0,165,80,61,24,191,3.2,0,4,1,92,82,10
2024-02-29,2024,2,29,February,9,1,60,3,Thursday,0,0,,8,18,0,0,0.0,0,11.0,0.0,85,0,169,73,60,36,191,2.8,1,4,0,94,77,16
2024-03-01,2024,3,1,March,9,1,61,4,Friday,1,0,,0,0,1,0,0.0,0,12.4,23.7,84,0,0,0,0,0,0,0.0,0,0,0,0,0,0
2024-03-02,2024,3,2,March,9,1,62,5,Saturday,1,0,,5,8,0,0,0.0,0,13.2,0.0,102,0,118,57,52,9,131,3.6,1,3,0,62,58,9
2024-03-03,2024,3,3,March,9,1,63,6,Sunday,0,0,,8,21,0,0,0.0,0,16.8,17.5,75,0,155,66,56,33,193,2.1,0,6,1,97,78,13
2024-03-04,2024,3,4,March,10,1,64,0,Monday,0,0,,8,17,0,0,0.0,0,16.4,20.9,78,0,178,87,76,15,190,3.6,1,3,0,90,73,17
2024-03-05,2024,3,5,March,10,1,65,1,Tuesday,0,0,,8,14,0,0,0.0,0,13.7,0.0,97,0,197,83,70,44,244,2.7,1,1,0,111,96,16
2024-03-06,2024,3,6,March,10,1,66,2,Wednesday,0,0,,8,22,0,0,0.0,0,11.1,25.0,86,0,176,80,77,19,223,2.1,0,3,0,98,82,8
2024-03-07,2024,3,7,March,10,1,67,3,Thursday,0,0,,8,22,0,0,0.0,0,11.2,0.0,99,0,186,92,73,21,194,1.9,2,3,1,98,77,15
2024-03-08,2024,3,8,March,10,1,68,4,Friday,1,0,,0,0,0,0,0.0,0,11.6,0.0,113,0,0,0,0,0,0,0.0,0,0,0,0,0,0
2024-03-09,2024,3,9,March,10,1,69,5,Saturday,1,0,,5,11,0,0,0.0,0,14.6,0.0,100,0,127,57,53,17,153,3.7,1,2,1,72,67,11
2024-03-10,2024,3,10,March,10,1,70,6,Sunday,0,0,,8,17,0,0,0.0,0,12.9,0.0,98,0,178,81,72,25,220,2.1,0,2,0,107,93,15
2024-03-11,2024,3,11,March,11,1,71,0,Monday,0,0,,8,14,0,0,0.0,0,12.7,0.0,138,1,155,66,64,25,171,2.4,1,1,1,69,75,7
2024-03-12,2024,3,12,March,11,1,72,1,Tuesday,0,0,,8,15,0,0,0.0,0,12.0,1.4,84,0,177,76,71,30,190,2.3,0,3,1,84,69,13
2024-03-13,2024,3,13,March,11,1,73,2,Wednesday,0,0,,8,14,0,0,0.0,0,12.8,4.3,87,0,201,86,78,37,233,3.2,0,3,0,113,96,19
2024-03-14,2024,3,14,March,11,1,74,3,Thursday,0,0,,8,14,0,0,0.0,0,9.9,0.0,88,0,172,87,63,22,218,2.6,2,4,1,111,87,15
2024-03-15,2024,3,15,March,11,1,75,4,Friday,1,0,,0,0,1,0,0.0,0,9.9,0.0,89,0,0,0,0,0,0,0.0,0,0,0,0,0,0
2024-03-16,2024,3,16,March,11,1,76,5,Saturday,1,0,,5,8,0,0,0.0,0,9.4,0.0,86,0,137,59,50,28,137,3.2,0,3,0,58,58,10
2024-03-17,2024,3,17,March,11,1,77,6,Sunday,0,0,,8,21,0,0,0.0,0,8.4,0.0,67,0,175,80,72,23,222,3.3,1,4,1,110,93,11
2024-03-18,2024,3,18,March,12,1,78,0,Monday,0,0,,8,18,0,0,0.0,0,14.1,0.0,99,0,172,86,68,18,186,2.4,1,4,1,92,80,9
2024-03-19,2024,3,19,March,12,1,79,1,Tuesday,0,0,,8,19,0,0,0.0,0,11.0,8.6,82,0,178,89,69,20,192,2.4,0,2,1,95,83,6
2024-03-20,2024,3,20,March,12,1,80,2,Wednesday,0,0,,8,20,0,0,0.0,0,9.2,0.0,102,0,174,77,78,19,194,3.2,1,1,1,94,77,13
2024-03-21,2024,3,21,March,12,1,81,3,Thursday,0,1,Nowruz (synthetic),0,0,0,0,0.0,0,11.1,0.0,74,0,0,0,0,0,0,0.0,0,0,0,0,0,0
2024-03-22,2024,3,22,March,12,1,82,4,Friday,1,0,,0,0,0,0,0.0,0,8.3,0.0,77,0,0,0,0,0,0,0.0,0,0,0,0,0,0
2024-03-23,2024,3,23,March,12,1,83,5,Saturday,1,0,,5,11,0,0,0.0,0,13.2,8.1,128,0,115,53,48,14,127,3.1,1,2,0,63,53,8
2024-03-24,2024,3,24,March,12,1,84,6,Sunday,0,0,,8,16,0,0,0.0,0,9.3,0.0,84,0,180,78,67,35,180,3.2,2,2,0,87,75,14
2024-03-25,2024,3,25,March,13,1,85,0,Monday,0,0,,8,18,0,0,0.0,0,9.8,0.0,75,0,198,91,77,30,222,3.1,1,4,1,110,94,13
2024-03-26,2024,3,26,March,13,1,86,1,Tuesday,0,0,,8,22,0,0,0.0,0,10.6,0.0,96,0,191,88,71,32,221,3.7,0,1,0,115,87,7
2024-03-27,2024,3,27,March,13,1,87,2,Wednesday,0,0,,8,16,0,0,0.0,0,13.9,0.0,95,0,159,65,59,35,159,1.9,2,3,1,66,74,11
2024-03-28,2024,3,28,March,13,1,88,3,Thursday,0,0,,8,17,0,0,0.0,0,5.6,0.0,92,0,189,82,69,38,220,2.1,1,6,1,99,93,10
2024-03-29,2024,3,29,March,13,1,89,4,Friday,1,0,,0,0,0,0,0.0,0,11.4,0.0,93,0,0,0,0,0,0,0.0,0,0,0,0,0,0
2024-03-30,2024,3,30,March,13,1,90,5,Saturday,1,0,,5,11,0,0,0.0,0,10.9,0.0,90,0,130,55,53,22,172,2.5,2,4,0,84,63,9
2024-03-31,2024,3,31,March,13,1,91,6,Sunday,0,0,,8,21,0,0,0.0,0,6.0,19.6,59,0,169,70,75,24,198,2.6,2,4,1,90,92,12
2024-04-01,2024,4,1,April,14,2,92,0,Monday,0,0,,8,14,1,0,0.0,0,10.0,9.8,74,0,248,126,99,23,267,3.7,0,5,1,123,123,16
2024-04-02,2024,4,2,April,14,2,93,1,Tuesday,0,0,,8,16,0,0,0.0,0,6.7,16.9,72,0,160,71,57,32,197,2.5,3,4,0,99,77,18
2024-04-03,2024,4,3,April,14,2,94,2,Wednesday,0,0,,8,20,0,0,0.0,0,5.9,0.0,98,0,190,79,81,30,213,2.0,0,4,0,95,84,14
2024-04-04,2024,4,4,April,14,2,95,3,Thursday,0,0,,8,15,0,0,0.0,0,6.0,0.0,79,0,182,82,74,26,184,3.5,1,5,0,79,70,10
2024-04-05,2024,4,5,April,14,2,96,4,Friday,1,0,,0,0,0,0,0.0,0,11.5,0.0,102,0,0,0,0,0,0,0.0,0,0,0,0,0,0
2024-04-06,2024,4,6,April,14,2,97,5,Saturday,1,0,,5,10,0,0,0.0,0,6.6,0.0,71,0,132,56,51,25,132,3.1,2,2,1,56,62,10
2024-04-07,2024,4,7,April,14,2,98,6,Sunday,0,0,,8,21,0,0,0.0,0,9.2,0.0,74,0,186,91,80,15,187,1.8,1,1,2,76,87,13
2024-04-08,2024,4,8,April,15,2,99,0,Monday,0,0,,8,22,0,0,0.0,0,7.3,0.0,80,0,210,90,80,40,252,3.7,0,3,1,122,99,22
2024-04-09,2024,4,9,April,15,2,100,1,Tuesday,0,0,,8,22,0,0,0.0,0,7.7,0.0,99,0,189,89,83,17,211,2.8,1,5,0,93,97,7
2024-04-10,2024,4,10,April,15,2,101,2,Wednesday,0,0,,8,18,0,0,0.0,0,6.0,0.0,70,0,181,83,78,20,261,3.4,1,2,0,126,101,9
2024-04-11,2024,4,11,April,15,2,102,3,Thursday,0,0,,8,16,0,0,0.0,0,6.8,0.0,99,0,172,76,68,28,217,2.7,2,2,0,94,82,8
2024-04-12,2024,4,12,April,15,2,103,4,Friday,1,0,,0,0,0,0,0.0,0,8.9,0.0,82,0,0,0,0,0,0,0.0,0,0,0,0,0,0
2024-04-13,2024,4,13,April,15,2,104,5,Saturday,1,0,,5,11,0,0,0.0,0,10.5,0.0,87,0,129,60,46,23,151,2.7,0,4,0,65,64,12
2024-04-14,2024,4,14,April,15,2,105,6,Sunday,0,0,,8,16,0,0,0.0,0,10.7,0.0,77,0,195,81,78,36,252,2.8,0,4,0,124,97,23
2024-04-15,2024,4,15,April,16,2,106,0,Monday,0,0,,8,19,1,0,0.0,0,6.1,15.5,72,0,234,115,94,25,280,3.5,1,1,1,117,128,11
2024-04-16,2024,4,16,April,16,2,107,1,Tuesday,0,0,,8,18,0,0,0.0,0,5.8,0.0,77,0,209,88,82,39,243,2.4,0,3,1,106,111,20
2024-04-17,2024,4,17,April,16,2,108,2,Wednesday,0,0,,8,17,0,0,0.0,0,7.5,16.1,63,0,181,75,81,25,234,3.4,2,1,1,97,82,11
2024-04-18,2024,4,18,April,16,2,109,3,Thursday,0,0,,8,21,0,0,0.0,0,10.5,4.3,73,0,175,77,64,34,179,2.8,0,2,0,91,70,9
2024-04-19,2024,4,19,April,16,2,110,4,Friday,1,0,,0,0,0,0,0.0,0,6.9,14.4,72,0,0,0,0,0,0,0.0,0,0,0,0,0,0
2024-04-20,2024,4,20,April,16,2,111,5,Saturday,1,0,,5,10,0,0,0.0,0,8.5,0.0,70,0,150,66,61,23,161,2.6,2,3,1,75,74,9
2024-04-21,2024,4,21,April,16,2,112,6,Sunday,0,0,,8,15,0,0,0.0,0,6.7,0.0,94,0,208,88,86,34,223,2.3,1,4,1,105,85,16
2024-04-22,2024,4,22,April,17,2,113,0,Monday,0,0,,8,21,0,0,0.0,0,11.1,14.2,89,0,208,95,77,36,219,3.0,1,1,0,113,85,15
2024-04-23,2024,4,23,April,17,2,114,1,Tuesday,0,0,,8,14,0,0,0.0,0,9.2,0.0,83,0,184,93,82,9,227,2.8,1,4,0,114,102,7
2024-04-24,2024,4,24,April,17,2,115,2,Wednesday,0,0,,8,22,0,0,0.0,0,3.5,13.1,71,0,161,76,68,17,213,2.4,0,1,0,86,83,10
2024-04-25,2024,4,25,April,17,2,116,3,Thursday,0,0,,8,20,0,0,0.0,0,9.4,17.1,66,0,161,70,60,31,198,2.6,1,2,0,95,90,9
2024-04-26,2024,4,26,April,17,2,117,4,Friday,1,0,,0,0,0,0,0.0,0,9.2,0.0,88,0,0,0,0,0,0,0.0,0,0,0,0,0,0
2024-04-27,2024,4,27,April,17,2,118,5,Saturday,1,0,,5,10,0,0,0.0,0,7.1,0.0,72,0,126,64,49,13,147,3.4,0,3,0,68,65,11
2024-04-28,2024,4,28,April,17,2,119,6,Sunday,0,0,,8,15,0,0,0.0,0,5.6,0.0,82,0,196,91,72,33,216,2.9,0,4,0,109,87,15
2024-04-29,2024,4,29,April,18,2,120,0,Monday,0,0,,8,14,0,0,0.0,0,5.8,5.8,84,0,183,89,75,19,235,4.4,1,6,1,95,92,8
2024-04-30,2024,4,30,April,18,2,121,1,Tuesday,0,0,,8,14,0,0,0.0,0,8.0,16.4,82,0,159,72,70,17,211,3.1,0,3,0,94,76,19
2024-05-01,2024,5,1,May,18,2,122,2,Wednesday,0,0,,8,22,1,0,0.0,0,7.5,0.0,89,0,227,109,89,29,257,3.0,2,4,0,114,97,15
2024-05-02,2024,5,2,May,18,2,123,3,Thursday,0,0,,8,14,0,0,0.0,0,9.3,0.0,77,0,180,74,74,32,217,2.7,1,3,2,105,77,16
2024-05-03,2024,5,3,May,18,2,124,4,Friday,1,0,,0,0,0,0,0.0,0,11.0,0.0,92,0,0,0,0,0,0,0.0,0,0,0,0,0,0
2024-05-04,2024,5,4,May,18,2,125,5,Saturday,1,0,,5,10,0,0,0.0,0,5.3,0.0,76,0,143,65,54,24,163,3.6,2,2,0,76,69,12
2024-05-05,2024,5,5,May,18,2,126,6,Sunday,0,0,,8,19,0,0,0.0,0,11.8,0.0,83,0,191,93,76,22,238,3.3,0,0,0,119,92,17
2024-05-06,2024,5,6,May,19,2,127,0,Monday,0,0,,8,22,0,0,0.0,0,6.6,0.0,83,0,186,86,81,19,221,2.9,1,3,0,90,87,15
2024-05-07,2024,5,7,May,19,2,128,1,Tuesday,0,0,,8,22,0,0,0.0,0,9.2,0.0,93,0,193,93,82,18,237,2.5,0,3,1,111,104,16
2024-05-08,2024,5,8,May,19,2,129,2,Wednesday,0,1,Bank Holiday May 08 (synthetic),0,0,0,0,0.0,0,8.5,0.0,97,0,0,0,0,0,0,0.0,0,0,0,0,0,0
2024-05-09,2024,5,9,May,19,2,130,3,Thursday,0,0,,8,21,0,0,0.0,0,5.2,0.0,87,0,181,75,79,27,226,1.9,0,2,1,111,80,14
2024-05-10,2024,5,10,May,19,2,131,4,Friday,1,0,,0,0,0,0,0.0,0,9.5,0.0,100,0,0,0,0,0,0,0.0,0,0,0,0,0,0
2024-05-11,2024,5,11,May,19,2,132,5,Saturday,1,0,,5,10,0,0,0.0,0,9.1,0.0,105,0,140,60,59,21,187,3.0,1,5,1,86,86,12
2024-05-12,2024,5,12,May,19,2,133,6,Sunday,0,0,,8,14,0,0,0.0,0,9.6,0.0,76,0,199,89,82,28,230,3.1,1,2,0,110,98,14
2024-05-13,2024,5,13,May,20,2,134,0,Monday,0,0,,8,22,0,0,0.0,0,9.0,0.0,74,0,168,72,74,22,213,2.6,2,3,0,99,81,14
2024-05-14,2024,5,14,May,20,2,135,1,Tuesday,0,0,,8,20,0,0,0.0,0,8.0,0.0,88,0,227,108,80,39,302,2.3,0,5,1,135,119,18
2024-05-15,2024,5,15,May,20,2,136,2,Wednesday,0,0,,8,19,1,0,0.0,0,5.7,0.0,76,0,218,109,87,22,302,3.5,1,6,1,122,108,26
2024-05-16,2024,5,16,May,20,2,137,3,Thursday,0,0,,8,19,0,0,0.0,0,11.3,0.0,89,0,188,88,76,24,208,2.1,2,3,0,103,88,13
2024-05-17,2024,5,17,May,20,2,138,4,Friday,1,0,,0,0,0,0,0.0,0,13.2,0.0,97,0,0,0,0,0,0,0.0,0,0,0,0,0,0
2024-05-18,2024,5,18,May,20,2,139,5,Saturday,1,0,,5,8,0,0,0.0,0,8.1,0.0,100,0,139,71,55,13,162,3.0,0,4,1,72,75,9
2024-05-19,2024,5,19,May,20,2,140,6,Sunday,0,0,,8,17,0,0,0.0,0,10.1,0.0,83,0,183,77,64,42,191,3.1,1,1,1,83,75,9
2024-05-20,2024,5,20,May,21,2,141,0,Monday,0,0,,8,20,0,0,0.0,0,11.2,0.0,90,0,200,90,86,24,227,2.8,2,2,0,109,93,20
2024-05-21,2024,5,21,May,21,2,142,1,Tuesday,0,0,,8,18,0,0,0.0,0,9.7,0.0,98,0,186,81,70,35,215,3.2,1,4,0,102,91,9
2024-05-22,2024,5,22,May,21,2,143,2,Wednesday,0,0,,8,20,0,0,0.0,0,11.4,0.0,80,0,190,84,84,22,217,3.2,1,2,0,92,84,19
2024-05-23,2024,5,23,May,21,2,144,3,Thursday,0,0,,8,17,0,0,0.0,0,10.0,0.0,94,0,191,82,82,27,295,3.2,2,3,0,119,129,26
2024-05-24,2024,5,24,May,21,2,145,4,Friday,1,0,,0,0,0,0,0.0,0,13.3,0.0,75,0,0,0,0,0,0,0.0,0,0,0,0,0,0
2024-05-25,2024,5,25,May,21,2,146,5,Saturday,1,0,,5,10,0,0,0.0,0,9.3,0.0,73,0,123,57,54,12,143,2.2,2,0,0,69,59,11
2024-05-26,2024,5,26,May,21,2,147,6,Sunday,0,0,,8,15,0,0,0.0,0,12.6,0.0,94,0,167,79,75,13,181,3.2,1,2,0,80,81,7
2024-05-27,2024,5,27,May,22,2,148,0,Monday,0,0,,8,17,0,0,0.0,0,9.4,0.0,90,0,197,83,77,37,231,3.3,1,2,1,119,84,20
2024-05-28,2024,5,28,May,22,2,149,1,Tuesday,0,0,,8,21,0,0,0.0,0,11.1,0.0,91,0,211,87,81,43,254,2.8,0,1,0,105,113,22
2024-05-29,2024,5,29,May,22,2,150,2,Wednesday,0,0,,8,20,0,0,0.0,0,13.4,0.0,88,0,181,85,67,29,210,3.0,2,3,0,99,83,15
2024-05-30,2024,5,30,May,22,2,151,3,Thursday,0,0,,8,15,0,0,0.0,0,12.9,0.0,77,0,171,87,65,19,176,2.5,2,4,1,79,70,6
2024-05-31,2024,5,31,May,22,2,152,4,Friday,1,0,,0,0,0,0,0.0,0,13.8,0.0,68,0,0,0,0,0,0,0.0,0,0,0,0,0,0
2024-06-01,2024,6,1,June,22,2,153,5,Saturday,1,0,,5,9,1,0,0.0,0,11.9,0.0,94,0,148,63,61,24,184,2.7,1,3,1,87,77,16
2024-06-02,2024,6,2,June,22,2,154,6,Sunday,0,0,,8,21,0,0,0.0,0,9.4,0.0,73,0,160,76,63,21,200,3.0,2,3,0,92,87,11
2024-06-03,2024,6,3,June,23,2,155,0,Monday,0,0,,8,14,0,0,0.0,0,12.4,0.0,101,0,186,78,67,41,186,3.1,1,2,0,90,82,10
2024-06-04,2024,6,4,June,23,2,156,1,Tuesday,0,0,,8,20,0,0,0.0,0,16.3,0.0,103,0,167,82,66,19,198,3.0,0,1,1,100,85,9
2024-06-05,2024,6,5,June,23,2,157,2,Wednesday,0,0,,8,20,0,0,0.0,0,13.8,0.0,94,0,165,77,63,25,203,3.8,0,2,0,98,78,9
2024-06-06,2024,6,6,June,23,2,158,3,Thursday,0,0,,8,20,0,0,0.0,0,19.4,0.0,78,0,166,82,71,13,222,2.6,2,0,1,107,91,14
2024-06-07,2024,6,7,June,23,2,159,4,Friday,1,0,,0,0,0,1,0.156,0,14.3,0.0,87,0,0,0,0,0,0,0.0,0,0,0,0,0,0
2024-06-08,2024,6,8,June,23,2,160,5,Saturday,1,0,,5,10,0,1,0.156,0,11.4,0.0,91,0,165,78,69,18,219,4.4,1,1,0,108,95,12
2024-06-09,2024,6,9,June,23,2,161,6,Sunday,0,0,,8,18,0,1,0.156,0,12.5,0.0,100,0,196,82,84,30,219,2.9,1,4,0,100,80,18
2024-06-10,2024,6,10,June,24,2,162,0,Monday,0,0,,8,16,0,1,0.156,0,15.6,0.0,85,0,210,100,87,23,250,3.1,0,3,1,102,106,18
2024-06-11,2024,6,11,June,24,2,163,1,Tuesday,0,0,,8,17,0,1,0.156,1,13.3,0.0,90,0,212,129,58,25,212,3.0,1,1,3,88,76,11
2024-06-12,2024,6,12,June,24,2,164,2,Wednesday,0,0,,8,16,0,1,0.156,0,11.7,0.0,101,0,214,101,78,35,260,3.8,1,2,1,115,98,19
2024-06-13,2024,6,13,June,24,2,165,3,Thursday,0,0,,8,15,0,1,0.156,0,15.7,0.0,95,0,194,92,73,29,206,3.2,1,4,0,97,90,10
2024-06-14,2024,6,14,June,24,2,166,4,Friday,1,0,,0,0,0,1,0.156,0,16.0,0.0,104,0,0,0,0,0,0,0.0,0,0,0,0,0,0
2024-06-15,2024,6,15,June,24,2,167,5,Saturday,1,0,,5,9,1,1,0.156,0,14.3,0.0,90,0,194,98,70,26,214,3.3,1,5,0,108,89,11
2024-06-16,2024,6,16,June,24,2,168,6,Sunday,0,0,,8,14,0,1,0.156,0,15.3,0.0,90,0,189,91,81,17,228,2.7,1,3,1,103,91,16
2024-06-17,2024,6,17,June,25,2,169,0,Monday,0,0,,8,17,0,1,0.156,0,17.1,0.0,91,0,201,89,79,33,203,3.2,1,2,0,104,77,9
2024-06-18,2024,6,18,June,25,2,170,1,Tuesday,0,0,,8,16,0,1,0.156,0,18.6,0.0,104,0,181,87,66,28,203,3.7,0,5,1,84,90,9
2024-06-19,2024,6,19,June,25,2,171,2,Wednesday,0,0,,8,18,0,1,0.156,0,14.6,0.0,89,0,193,96,71,26,221,2.7,1,3,0,93,98,18
2024-06-20,2024,6,20,June,25,2,172,3,Thursday,0,0,,8,14,0,0,0.0,0,16.7,0.0,103,0,175,88,74,13,180,2.9,0,4,1,81,70,10
2024-06-21,2024,6,21,June,25,2,173,4,Friday,1,0,,0,0,0,0,0.0,0,12.1,0.0,88,0,0,0,0,0,0,0.0,0,0,0,0,0,0
2024-06-22,2024,6,22,June,25,2,174,5,Saturday,1,0,,5,11,0,0,0.0,0,19.3,0.0,98,0,122,52,50,20,140,2.3,0,3,0,61,59,8
2024-06-23,2024,6,23,June,25,2,175,6,Sunday,0,0,,8,22,0,0,0.0,0,17.4,5.2,82,0,184,93,64,27,184,3.3,1,3,1,86,81,13
2024-06-24,2024,6,24,June,26,2,176,0,Monday,0,0,,8,14,0,0,0.0,0,18.8,0.0,127,1,163,81,65,17,171,2.5,0,2,0,84,72,10
2024-06-25,2024,6,25,June,26,2,177,1,Tuesday,0,0,,8,16,0,0,0.0,0,18.0,0.0,100,0,177,77,63,37,185,3.1,1,1,1,79,82,12
2024-06-26,2024,6,26,June,26,2,178,2,Wednesday,0,0,,8,22,0,0,0.0,0,15.7,0.0,104,0,189,83,79,27,240,3.3,2,4,0,113,90,20
2024-06-27,2024,6,27,June,26,2,179,3,Thursday,0,0,,8,14,0,0,0.0,0,17.6,0.0,120,1,125,54,50,21,151,3.5,0,4,1,75,55,5
2024-06-28,2024,6,28,June,26,2,180,4,Friday,1,0,,0,0,0,0,0.0,0,16.4,0.0,102,0,0,0,0,0,0,0.0,0,0,0,0,0,0
2024-06-29,2024,6,29,June,26,2,181,5,Saturday,1,0,,5,8,0,0,0.0,0,19.7,0.0,94,0,137,61,49,27,140,3.6,0,5,1,64,52,9
2024-06-30,2024,6,30,June,26,2,182,6,Sunday,0,0,,8,16,0,0,0.0,0,16.2,0.0,109,0,158,75,63,20,164,2.3,1,1,0,83,67,6
2024-07-01,2024,7,1,July,27,3,183,0,Monday,0,0,,8,17,1,0,0.0,0,16.7,0.0,78,0,179,82,79,18,227,2.7,2,5,0,104,90,9
2024-07-02,2024,7,2,July,27,3,184,1,Tuesday,0,0,,8,14,0,0,0.0,0,20.5,0.0,84,0,164,71,66,27,201,3.7,0,4,0,97,86,15
2024-07-03,2024,7,3,July,27,3,185,2,Wednesday,0,0,,8,16,0,0,0.0,0,21.2,0.0,107,0,169,85,69,15,200,3.4,0,2,1,94,75,18
2024-07-04,2024,7,4,July,27,3,186,3,Thursday,0,0,,8,15,0,0,0.0,0,23.0,6.0,97,0,152,65,65,22,159,2.7,0,4,1,80,57,6
2024-07-05,2024,7,5,July,27,3,187,4,Friday,1,0,,0,0,0,0,0.0,0,19.9,0.0,97,0,0,0,0,0,0,0.0,0,0,0,0,0,0
2024-07-06,2024,7,6,July,27,3,188,5,Saturday,1,0,,5,10,0,0,0.0,0,20.3,0.0,99,0,121,52,54,15,134,3.1,2,3,1,62,59,10
2024-07-07,2024,7,7,July,27,3,189,6,Sunday,0,0,,8,18,0,0,0.0,0,23.5,0.0,108,0,181,75,74,32,206,1.5,0,4,1,101,92,9
2024-07-08,2024,7,8,July,28,3,190,0,Monday,0,0,,8,17,0,0,0.0,0,20.2,0.0,101,0,156,69,55,32,156,3.0,0,4,1,66,68,8
2024-07-09,2024,7,9,July,28,3,191,1,Tuesday,0,0,,8,20,0,0,0.0,0,26.0,0.0,94,0,169,84,70,15,208,3.0,0,1,2,100,77,7
2024-07-10,2024,7,10,July,28,3,192,2,Wednesday,0,0,,8,15,0,0,0.0,0,19.3,0.0,111,0,163,83,72,8,185,2.4,0,4,1,90,74,13
2024-07-11,2024,7,11,July,28,3,193,3,Thursday,0,0,,8,17,0,0,0.0,0,19.7,0.0,101,0,147,66,60,21,177,3.6,2,1,0,81,63,5
2024-07-12,2024,7,12,July,28,3,194,4,Friday,1,0,,0,0,0,0,0.0,0,23.6,0.0,100,0,0,0,0,0,0,0.0,0,0,0,0,0,0
2024-07-13,2024,7,13,July,28,3,195,5,Saturday,1,0,,5,8,0,0,0.0,0,21.8,0.0,105,0,105,52,41,12,119,3.1,2,5,1,54,45,7
2024-07-14,2024,7,14,July,28,3,196,6,Sunday,0,0,,8,15,0,0,0.0,0,24.6,0.0,102,0,134,66,53,15,144,3.2,0,5,1,67,65,8
2024-07-15,2024,7,15,July,29,3,197,0,Monday,0,0,,8,14,1,0,0.0,0,18.4,0.0,93,0,206,88,92,26,265,1.6,3,0,1,134,116,10
2024-07-16,2024,7,16,July,29,3,198,1,Tuesday,0,0,,8,16,0,0,0.0,0,24.3,0.0,90,0,151,67,57,27,185,2.2,0,1,1,84,84,14
2024-07-17,2024,7,17,July,29,3,199,2,Wednesday,0,0,,8,16,0,0,0.0,0,21.1,0.0,89,0,156,77,68,11,156,2.2,0,3,1,79,60,11
2024-07-18,2024,7,18,July,29,3,200,3,Thursday,0,0,,8,20,0,0,0.0,0,28.5,0.0,105,0,168,69,73,26,173,2.6,0,3,0,75,66,10
2024-07-19,2024,7,19,July,29,3,201,4,Friday,1,0,,0,0,0,0,0.0,0,26.6,0.0,97,0,0,0,0,0,0,0.0,0,0,0,0,0,0
2024-07-20,2024,7,20,July,29,3,202,5,Saturday,1,0,,5,8,0,0,0.0,0,25.1,0.0,104,0,120,55,44,21,120,3.9,0,3,0,52,49,5
2024-07-21,2024,7,21,July,29,3,203,6,Sunday,0,0,,8,17,0,0,0.0,0,25.7,0.0,92,0,150,69,62,19,206,2.4,0,4,0,85,73,11
2024-07-22,2024,7,22,July,30,3,204,0,Monday,0,0,,8,19,0,0,0.0,0,22.8,0.0,112,0,169,84,72,13,195,2.9,2,0,0,83,73,8
2024-07-23,2024,7,23,July,30,3,205,1,Tuesday,0,0,,8,14,0,0,0.0,0,24.2,0.0,98,0,138,66,58,14,138,2.4,1,2,1,60,63,11
2024-07-24,2024,7,24,July,30,3,206,2,Wednesday,0,0,,8,20,0,0,0.0,0,25.4,0.0,97,0,140,61,59,20,153,2.3,1,0,0,70,60,7
2024-07-25,2024,7,25,July,30,3,207,3,Thursday,0,0,,8,18,0,0,0.0,0,26.9,0.0,110,0,152,67,55,30,158,3.2,0,2,0,64,65,8
2024-07-26,2024,7,26,July,30,3,208,4,Friday,1,0,,0,0,0,0,0.0,0,30.2,0.0,101,0,0,0,0,0,0,0.0,0,0,0,0,0,0
2024-07-27,2024,7,27,July,30,3,209,5,Saturday,1,0,,5,11,0,0,0.0,0,29.2,0.0,92,0,114,48,41,25,125,3.2,2,2,1,54,56,9
2024-07-28,2024,7,28,July,30,3,210,6,Sunday,0,0,,8,19,0,0,0.0,0,27.5,0.0,119,0,143,60,51,32,155,2.2,1,4,1,74,65,10
2024-07-29,2024,7,29,July,31,3,211,0,Monday,0,0,,8,22,0,0,0.0,0,26.8,0.0,102,0,153,77,61,15,189,1.7,1,3,1,83,82,15
2024-07-30,2024,7,30,July,31,3,212,1,Tuesday,0,0,,8,14,0,0,0.0,0,25.8,0.0,100,0,163,69,64,30,163,3.7,1,2,0,74,65,10
2024-07-31,2024,7,31,July,31,3,213,2,Wednesday,0,0,,8,19,0,0,0.0,0,27.7,0.5,87,0,160,67,64,29,172,3.3,0,1,0,75,62,6
2024-08-01,2024,8,1,August,31,3,214,3,Thursday,0,0,,8,20,1,0,0.0,0,33.3,0.0,82,0,188,94,73,21,267,2.7,0,3,1,114,117,10
2024-08-02,2024,8,2,August,31,3,215,4,Friday,1,0,,0,0,0,0,0.0,0,27.7,0.0,97,0,0,0,0,0,0,0.0,0,0,0,0,0,0
2024-08-03,2024,8,3,August,31,3,216,5,Saturday,1,0,,5,8,0,0,0.0,0,27.8,0.0,98,0,121,51,45,25,150,3.8,1,4,1,73,56,11
2024-08-04,2024,8,4,August,31,3,217,6,Sunday,0,0,,8,16,0,0,0.0,0,24.5,0.0,108,0,161,76,69,16,163,2.5,1,0,0,78,73,8
2024-08-05,2024,8,5,August,32,3,218,0,Monday,0,0,,8,21,0,0,0.0,0,28.8,0.0,101,0,168,70,67,31,183,2.9,3,2,1,89,66,8
2024-08-06,2024,8,6,August,32,3,219,1,Tuesday,0,0,,8,15,0,0,0.0,0,30.9,0.0,83,0,160,79,70,11,188,2.2,2,4,0,75,69,13
2024-08-07,2024,8,7,August,32,3,220,2,Wednesday,0,0,,8,15,0,0,0.0,0,28.0,0.0,106,0,167,76,65,26,167,2.6,0,3,0,85,62,6
2024-08-08,2024,8,8,August,32,3,221,3,Thursday,0,0,,8,21,0,0,0.0,0,30.7,0.0,87,0,170,84,76,10,201,2.5,1,2,1,84,93,7
2024-08-09,2024,8,9,August,32,3,222,4,Friday,1,0,,0,0,0,0,0.0,0,29.0,0.0,86,0,0,0,0,0,0,0.0,0,0,0,0,0,0
2024-08-10,2024,8,10,August,32,3,223,5,Saturday,1,0,,5,10,0,0,0.0,0,26.8,0.0,97,0,102,48,37,17,119,4.2,1,1,0,57,52,8
2024-08-11,2024,8,11,August,32,3,224,6,Sunday,0,0,,8,21,0,0,0.0,0,31.0,0.0,99,0,166,79,65,22,195,1.5,1,2,1,83,79,15
2024-08-12,2024,8,12,August,33,3,225,0,Monday,0,0,,8,21,0,0,0.0,0,30.7,0.0,135,1,154,78,64,12,154,2.1,1,4,0,77,63,11
2024-08-13,2024,8,13,August,33,3,226,1,Tuesday,0,0,,8,21,0,0,0.0,0,29.1,0.0,115,0,160,76,56,28,187,2.1,1,5,1,83,80,15
2024-08-14,2024,8,14,August,33,3,227,2,Wednesday,0,0,,8,21,0,0,0.0,0,33.4,0.0,116,0,168,75,66,27,236,1.5,2,4,0,117,103,9
2024-08-15,2024,8,15,August,33,3,228,3,Thursday,0,0,,8,21,1,0,0.0,1,28.6,0.0,104,0,189,105,55,29,189,2.6,1,3,1,91,79,15
2024-08-16,2024,8,16,August,33,3,229,4,Friday,1,0,,0,0,0,0,0.0,0,30.0,0.0,90,0,0,0,0,0,0,0.0,0,0,0,0,0,0
2024-08-17,2024,8,17,August,33,3,230,5,Saturday,1,0,,5,12,0,0,0.0,0,35.1,0.0,96,0,110,50,46,14,129,3.3,0,4,0,63,50,9
2024-08-18,2024,8,18,August,33,3,231,6,Sunday,0,0,,8,17,0,0,0.0,0,33.0,0.0,118,0,151,65,61,25,151,2.0,0,5,0,71,65,11
2024-08-19,2024,8,19,August,34,3,232,0,Monday,0,0,,8,22,0,0,0.0,0,31.4,0.0,121,0,182,78,77,27,235,3.2,0,2,2,99,90,11
2024-08-20,2024,8,20,August,34,3,233,1,Tuesday,0,0,,8,14,0,0,0.0,0,31.1,0.0,110,0,167,75,67,25,221,3.5,1,0,1,107,94,15
2024-08-21,2024,8,21,August,34,3,234,2,Wednesday,0,0,,8,19,0,0,0.0,0,33.6,0.0,103,0,166,72,69,25,174,2.7,0,2,0,84,69,11
2024-08-22,2024,8,22,August,34,3,235,3,Thursday,0,0,,8,21,0,0,0.0,0,34.5,0.0,118,0,145,68,53,24,180,2.5,0,3,1,85,69,9
2024-08-23,2024,8,23,August,34,3,236,4,Friday,1,0,,0,0,0,0,0.0,0,38.1,0.0,114,0,0,0,0,0,0,0.0,0,0,0,0,0,0
2024-08-24,2024,8,24,August,34,3,237,5,Saturday,1,0,,5,12,0,0,0.0,0,32.7,0.0,102,0,100,43,40,17,112,2.4,0,2,2,50,44,9
2024-08-25,2024,8,25,August,34,3,238,6,Sunday,0,0,,8,22,0,0,0.0,0,30.9,0.0,104,0,154,73,68,13,188,1.8,2,3,1,81,67,16
2024-08-26,2024,8,26,August,35,3,239,0,Monday,0,0,,8,18,0,0,0.0,0,36.6,0.0,107,0,161,76,62,23,186,2.8,0,2,0,76,67,16
2024-08-27,2024,8,27,August,35,3,240,1,Tuesday,0,0,,8,17,0,0,0.0,0,35.7,0.0,97,0,184,87,82,15,206,2.7,1,5,1,101,76,12
2024-08-28,2024,8,28,August,35,3,241,2,Wednesday,0,0,,8,22,0,0,0.0,0,38.1,0.0,115,0,150,67,54,29,181,2.5,1,3,0,73,79,6
2024-08-29,2024,8,29,August,35,3,242,3,Thursday,0,0,,8,22,0,0,0.0,0,37.6,0.0,117,0,144,69,57,18,172,2.7,0,3,0,80,63,9
2024-08-30,2024,8,30,August,35,3,243,4,Friday,1,0,,0,0,0,0,0.0,0,32.6,0.0,83,0,0,0,0,0,0,0.0,0,0,0,0,0,0
2024-08-31,2024,8,31,August,35,3,244,5,Saturday,1,0,,5,8,0,0,0.0,0,32.3,0.0,133,1,81,36,34,11,88,2.4,0,3,1,45,34,5
2024-09-01,2024,9,1,September,35,3,245,6,Sunday,0,0,,8,18,1,0,0.0,0,35.7,0.0,111,0,259,118,105,36,259,3.0,0,3,1,113,93,9
2024-09-02,2024,9,2,September,36,3,246,0,Monday,0,0,,8,17,0,0,0.0,0,37.9,0.0,115,0,193,90,78,25,209,3.4,1,3,2,93,81,12
2024-09-03,2024,9,3,September,36,3,247,1,Tuesday,0,0,,8,20,0,0,0.0,0,35.2,0.0,114,0,173,79,62,32,211,3.3,0,4,1,101,76,10
2024-09-04,2024,9,4,September,36,3,248,2,Wednesday,0,0,,8,15,0,0,0.0,0,35.1,0.0,84,0,167,72,59,36,176,2.7,0,1,1,76,80,11
2024-09-05,2024,9,5,September,36,3,249,3,Thursday,0,0,,8,18,0,0,0.0,1,37.7,0.0,115,0,199,121,59,19,290,2.2,0,4,1,142,106,11
2024-09-06,2024,9,6,September,36,3,250,4,Friday,1,0,,0,0,0,0,0.0,0,35.5,9.3,76,0,0,0,0,0,0,0.0,0,0,0,0,0,0
2024-09-07,2024,9,7,September,36,3,251,5,Saturday,1,0,,5,9,0,0,0.0,0,37.8,0.0,108,0,132,67,50,15,153,3.4,0,2,0,74,63,12
2024-09-08,2024,9,8,September,36,3,252,6,Sunday,0,0,,8,20,0,0,0.0,0,34.4,0.0,115,0,200,89,87,24,214,2.5,1,3,1,98,87,14
2024-09-09,2024,9,9,September,37,3,253,0,Monday,0,0,,8,18,0,0,0.0,0,37.0,0.0,112,0,205,99,82,24,280,3.0,1,5,1,128,105,11
2024-09-10,2024,9,10,September,37,3,254,1,Tuesday,0,0,,8,16,0,0,0.0,0,38.6,0.0,116,0,209,94,93,22,226,3.7,0,3,1,105,100,16
2024-09-11,2024,9,11,September,37,3,255,2,Wednesday,0,0,,8,21,0,0,0.0,0,37.9,0.0,102,0,191,91,72,28,207,2.4,0,2,1,101,81,12
2024-09-12,2024,9,12,September,37,3,256,3,Thursday,0,0,,8,17,0,0,0.0,0,32.4,0.0,100,0,194,91,85,18,268,2.2,0,3,0,124,118,10
2024-09-13,2024,9,13,September,37,3,257,4,Friday,1,0,,0,0,0,0,0.0,0,40.4,0.0,103,0,0,0,0,0,0,0.0,0,0,0,0,0,0
2024-09-14,2024,9,14,September,37,3,258,5,Saturday,1,0,,5,12,0,0,0.0,0,32.8,0.0,113,0,142,70,58,14,142,3.2,1,1,0,64,54,11
2024-09-15,2024,9,15,September,37,3,259,6,Sunday,0,0,,8,18,1,0,0.0,0,38.9,0.0,122,0,237,113,90,34,274,3.0,3,2,1,122,101,19
2024-09-16,2024,9,16,September,38,3,260,0,Monday,0,0,,8,18,0,0,0.0,0,40.0,0.0,107,0,210,96,94,20,271,3.7,2,4,1,127,120,15
2024-09-17,2024,9,17,September,38,3,261,1,Tuesday,0,0,,8,16,0,0,0.0,0,40.0,0.0,115,0,193,87,80,26,215,2.8,1,3,1,104,94,12
2024-09-18,2024,9,18,September,38,3,262,2,Wednesday,0,0,,8,14,0,0,0.0,0,37.2,0.0,83,0,192,94,71,27,219,3.8,0,4,2,101,77,18
2024-09-19,2024,9,19,September,38,3,263,3,Thursday,0,0,,8,22,0,0,0.0,0,36.6,0.0,105,0,189,96,81,12,217,1.7,1,4,1,96,86,14
2024-09-20,2024,9,20,September,38,3,264,4,Friday,1,0,,0,0,0,0,0.0,0,37.4,0.0,125,0,0,0,0,0,0,0.0,0,0,0,0,0,0
2024-09-21,2024,9,21,September,38,3,265,5,Saturday,1,0,,5,10,0,0,0.0,1,39.2,0.0,133,0,151,85,42,24,193,3.2,2,3,1,85,70,12
2024-09-22,2024,9,22,September,38,3,266,6,Sunday,0,0,,8,21,0,0,0.0,0,41.3,0.0,106,0,173,81,61,31,205,3.6,1,3,1,85,73,14
2024-09-23,2024,9,23,September,39,3,267,0,Monday,0,0,,8,19,0,0,0.0,0,38.3,0.0,107,0,190,79,84,27,190,2.6,3,2,0,87,75,16
2024-09-24,2024,9,24,September,39,3,268,1,Tuesday,0,0,,8,21,0,0,0.0,0,38.6,0.0,100,0,208,93,89,26,208,2.7,1,5,0,86,75,18
2024-09-25,2024,9,25,September,39,3,269,2,Wednesday,0,0,,8,21,0,0,0.0,0,37.5,0.0,113,0,186,90,75,21,228,2.1,1,3,0,102,100,9
2024-09-26,2024,9,26,September,39,3,270,3,Thursday,0,0,,8,19,0,0,0.0,0,36.3,0.0,115,0,163,67,60,36,195,2.6,2,3,1,92,76,13
2024-09-27,2024,9,27,September,39,3,271,4,Friday,1,0,,0,0,0,0,0.0,0,37.4,0.0,100,0,0,0,0,0,0,0.0,0,0,0,0,0,0
2024-09-28,2024,9,28,September,39,3,272,5,Saturday,1,0,,5,10,0,0,0.0,0,37.7,0.0,114,0,128,62,55,11,128,3.3,0,3,0,60,58,5
2024-09-29,2024,9,29,September,39,3,273,6,Sunday,0,0,,8,20,0,0,0.0,0,32.0,0.0,102,0,190,89,77,24,200,3.0,0,2,0,90,87,7
2024-09-30,2024,9,30,September,40,3,274,0,Monday,0,0,,8,19,0,0,0.0,0,39.2,0.0,117,0,191,91,78,22,231,3.3,1,2,1,108,99,14
2024-10-01,2024,10,1,October,40,4,275,1,Tuesday,0,0,,8,21,1,0,0.0,0,41.0,0.0,102,0,247,110,102,35,331,3.2,2,2,1,155,150,11
2024-10-02,2024,10,2,October,40,4,276,2,Wednesday,0,0,,8,18,0,0,0.0,0,37.7,0.0,100,0,194,88,71,35,195,2.9,2,3,0,98,71,9
2024-10-03,2024,10,3,October,40,4,277,3,Thursday,0,0,,8,20,0,0,0.0,0,40.2,0.0,110,0,171,72,64,35,218,2.5,1,3,1,91,93,18
2024-10-04,2024,10,4,October,40,4,278,4,Friday,1,0,,0,0,0,0,0.0,0,42.4,8.1,119,0,0,0,0,0,0,0.0,0,0,0,0,0,0
2024-10-05,2024,10,5,October,40,4,279,5,Saturday,1,0,,5,11,0,0,0.0,0,35.3,0.0,109,0,152,71,60,21,168,2.6,0,4,0,81,75,9
2024-10-06,2024,10,6,October,40,4,280,6,Sunday,0,0,,8,17,0,0,0.0,0,40.5,0.0,98,0,219,108,84,27,252,3.7,0,5,0,115,88,22
2024-10-07,2024,10,7,October,41,4,281,0,Monday,0,0,,8,18,0,1,0.197,0,36.5,0.0,95,0,239,115,99,25,283,2.6,1,4,0,141,107,10
2024-10-08,2024,10,8,October,41,4,282,1,Tuesday,0,0,,8,18,0,1,0.197,0,39.0,0.0,123,0,248,117,102,29,308,3.3,2,2,0,133,131,13
2024-10-09,2024,10,9,October,41,4,283,2,Wednesday,0,0,,8,15,0,1,0.197,0,39.6,0.0,148,1,207,94,89,24,240,3.3,2,3,0,110,95,17
2024-10-10,2024,10,10,October,41,4,284,3,Thursday,0,0,,8,18,0,1,0.197,0,40.0,0.0,104,0,238,100,102,36,238,3.0,1,1,1,102,105,13
2024-10-11,2024,10,11,October,41,4,285,4,Friday,1,0,,0,0,0,1,0.197,0,33.7,0.0,100,0,0,0,0,0,0,0.0,0,0,0,0,0,0
2024-10-12,2024,10,12,October,41,4,286,5,Saturday,1,0,,5,10,0,1,0.197,0,41.9,0.0,123,0,158,70,56,32,184,3.2,2,4,0,87,85,8
2024-10-13,2024,10,13,October,41,4,287,6,Sunday,0,0,,8,20,0,1,0.197,0,40.0,9.5,101,0,228,97,82,49,271,2.8,1,2,0,123,120,23
2024-10-14,2024,10,14,October,42,4,288,0,Monday,0,0,,8,15,0,1,0.197,0,41.1,0.0,114,0,258,111,108,39,265,2.7,2,3,1,117,97,22
2024-10-15,2024,10,15,October,42,4,289,1,Tuesday,0,0,,8,17,1,1,0.197,0,37.5,0.0,101,0,241,103,97,41,244,2.1,3,1,0,111,109,15
2024-10-16,2024,10,16,October,42,4,290,2,Wednesday,0,0,,8,14,0,1,0.197,0,38.5,0.0,100,0,262,112,110,40,289,3.1,2,5,1,142,106,14
2024-10-17,2024,10,17,October,42,4,291,3,Thursday,0,0,,8,14,0,0,0.0,0,40.6,0.0,104,0,203,100,84,19,252,2.6,2,6,1,117,109,11
2024-10-18,2024,10,18,October,42,4,292,4,Friday,1,0,,0,0,0,0,0.0,0,40.7,0.0,120,0,0,0,0,0,0,0.0,0,0,0,0,0,0
2024-10-19,2024,10,19,October,42,4,293,5,Saturday,1,0,,5,8,0,0,0.0,0,37.7,0.0,119,0,153,71,65,17,185,3.3,1,3,1,93,66,8
2024-10-20,2024,10,20,October,42,4,294,6,Sunday,0,0,,8,17,0,0,0.0,0,38.3,0.0,106,0,189,90,73,26,223,3.1,1,2,1,101,96,19
2024-10-21,2024,10,21,October,43,4,295,0,Monday,0,0,,8,16,0,0,0.0,0,37.1,0.0,103,0,238,107,98,33,273,2.6,1,1,0,136,106,12
2024-10-22,2024,10,22,October,43,4,296,1,Tuesday,0,0,,8,19,0,0,0.0,0,42.3,0.0,107,0,188,96,71,21,201,3.9,1,3,0,88,76,16
2024-10-23,2024,10,23,October,43,4,297,2,Wednesday,0,0,,8,22,0,0,0.0,0,37.1,0.0,105,0,200,100,75,25,246,2.3,1,4,1,106,95,16
2024-10-24,2024,10,24,October,43,4,298,3,Thursday,0,0,,8,21,0,0,0.0,0,41.8,0.0,126,0,179,86,73,20,196,2.0,2,0,1,80,70,15
2024-10-25,2024,10,25,October,43,4,299,4,Friday,1,0,,0,0,0,0,0.0,1,40.9,0.0,103,0,0,0,0,0,0,0.0,0,0,0,0,0,0
2024-10-26,2024,10,26,October,43,4,300,5,Saturday,1,0,,5,11,0,0,0.0,0,42.3,0.0,114,0,138,66,62,10,150,3.5,1,3,0,74,63,9
2024-10-27,2024,10,27,October,43,4,301,6,Sunday,0,0,,8,19,0,0,0.0,0,42.3,5.1,113,0,195,83,79,33,212,2.1,0,3,1,97,91,9
2024-10-28,2024,10,28,October,44,4,302,0,Monday,0,0,,8,20,0,0,0.0,0,37.5,0.0,127,0,202,95,71,36,250,3.5,1,3,1,109,117,17
2024-10-29,2024,10,29,October,44,4,303,1,Tuesday,0,0,,8,17,0,0,0.0,0,40.3,0.0,117,0,235,118,103,14,293,3.6,1,4,0,146,103,21
2024-10-30,2024,10,30,October,44,4,304,2,Wednesday,0,0,,8,22,0,0,0.0,0,40.3,0.0,120,0,215,103,83,29,245,3.2,1,3,0,125,101,11
2024-10-31,2024,10,31,October,44,4,305,3,Thursday,0,0,,8,21,0,0,0.0,0,39.4,0.0,107,0,174,72,76,26,174,2.9,1,2,2,83,66,9
2024-11-01,2024,11,1,November,44,4,306,4,Friday,1,0,,0,0,1,0,0.0,0,38.1,0.0,105,0,0,0,0,0,0,0.0,0,0,0,0,0,0
2024-11-02,2024,11,2,November,44,4,307,5,Saturday,1,0,,5,9,0,0,0.0,0,41.1,0.0,105,0,137,70,61,6,169,1.2,3,6,0,73,60,8
2024-11-03,2024,11,3,November,44,4,308,6,Sunday,0,0,,8,18,0,0,0.0,0,39.6,0.0,117,0,186,89,73,24,186,2.3,0,4,1,87,75,9
2024-11-04,2024,11,4,November,45,4,309,0,Monday,0,1,Bank Holiday Nov 04 (synthetic),0,0,0,0,0.0,0,36.3,4.3,95,0,0,0,0,0,0,0.0,0,0,0,0,0,0
2024-11-05,2024,11,5,November,45,4,310,1,Tuesday,0,0,,8,16,0,0,0.0,0,34.8,0.0,114,0,222,107,82,33,269,2.4,3,4,0,135,99,9
2024-11-06,2024,11,6,November,45,4,311,2,Wednesday,0,0,,8,18,0,0,0.0,0,39.9,1.6,112,0,183,86,68,29,192,3.6,2,0,1,77,69,15
2024-11-07,2024,11,7,November,45,4,312,3,Thursday,0,0,,8,16,0,0,0.0,0,40.5,5.6,96,0,203,92,86,25,235,4.6,0,4,0,120,102,8
2024-11-08,2024,11,8,November,45,4,313,4,Friday,1,0,,0,0,0,0,0.0,0,37.8,10.7,110,0,0,0,0,0,0,0.0,0,0,0,0,0,0
2024-11-09,2024,11,9,November,45,4,314,5,Saturday,1,0,,5,11,0,0,0.0,0,38.4,0.0,97,0,142,60,56,26,159,1.4,0,4,1,78,71,7
2024-11-10,2024,11,10,November,45,4,315,6,Sunday,0,0,,8,14,0,0,0.0,0,39.6,0.0,118,0,189,91,83,15,266,2.7,1,0,0,121,114,9
2024-11-11,2024,11,11,November,46,4,316,0,Monday,0,0,,8,22,0,0,0.0,0,40.1,0.0,116,0,219,95,92,32,279,3.0,1,1,1,135,119,19
2024-11-12,2024,11,12,November,46,4,317,1,Tuesday,0,0,,8,22,0,0,0.0,0,37.5,0.0,91,0,214,95,94,25,250,2.8,1,2,1,126,92,10
2024-11-13,2024,11,13,November,46,4,318,2,Wednesday,0,0,,8,21,0,0,0.0,0,38.0,0.0,148,1,182,84,78,20,211,2.3,0,1,1,100,86,9
2024-11-14,2024,11,14,November,46,4,319,3,Thursday,0,0,,8,14,0,0,0.0,0,38.3,0.0,119,0,204,84,89,31,263,3.3,1,2,1,126,118,13
2024-11-15,2024,11,15,November,46,4,320,4,Friday,1,0,,0,0,1,0,0.0,0,36.7,0.0,94,0,0,0,0,0,0,0.0,0,0,0,0,0,0
2024-11-16,2024,11,16,November,46,4,321,5,Saturday,1,0,,5,11,0,0,0.0,0,37.9,19.4,85,0,135,67,48,20,135,2.7,2,3,1,62,49,11
2024-11-17,2024,11,17,November,46,4,322,6,Sunday,0,0,,8,14,0,0,0.0,0,40.6,0.0,119,0,235,103,97,35,237,3.2,1,1,0,104,98,21
2024-11-18,2024,11,18,November,47,4,323,0,Monday,0,0,,8,21,0,0,0.0,1,36.3,0.0,106,0,253,132,80,41,297,2.6,2,2,2,141,134,16
2024-11-19,2024,11,19,November,47,4,324,1,Tuesday,0,0,,8,17,0,0,0.0,0,36.9,8.2,94,0,216,97,88,31,264,3.7,0,1,1,132,116,11
2024-11-20,2024,11,20,November,47,4,325,2,Wednesday,0,0,,8,14,0,0,0.0,0,35.8,0.0,96,0,201,97,87,17,207,2.7,1,1,0,90,90,10
2024-11-21,2024,11,21,November,47,4,326,3,Thursday,0,0,,8,19,0,0,0.0,0,38.4,0.0,109,0,201,86,73,42,260,2.7,0,5,1,128,101,21
2024-11-22,2024,11,22,November,47,4,327,4,Friday,1,0,,0,0,0,0,0.0,0,34.2,0.0,118,0,0,0,0,0,0,0.0,0,0,0,0,0,0
2024-11-23,2024,11,23,November,47,4,328,5,Saturday,1,0,,5,8,0,0,0.0,0,37.7,6.1,81,0,157,73,67,17,166,4.4,0,4,1,69,75,13
2024-11-24,2024,11,24,November,47,4,329,6,Sunday,0,0,,8,21,0,0,0.0,0,33.4,8.5,111,0,207,103,75,29,222,2.8,0,3,1,109,98,7
2024-11-25,2024,11,25,November,48,4,330,0,Monday,0,0,,8,18,0,0,0.0,0,36.2,0.0,114,0,235,108,87,40,274,2.9,0,3,1,121,106,11
2024-11-26,2024,11,26,November,48,4,331,1,Tuesday,0,0,,8,19,0,0,0.0,0,35.7,22.7,91,0,196,94,86,16,237,2.5,1,3,2,113,103,13
2024-11-27,2024,11,27,November,48,4,332,2,Wednesday,0,0,,8,22,0,0,0.0,0,40.6,0.0,119,0,196,86,81,29,215,3.5,2,2,1,105,87,19
2024-11-28,2024,11,28,November,48,4,333,3,Thursday,0,0,,8,16,0,0,0.0,0,35.0,0.0,90,0,180,82,66,32,210,3.8,2,3,0,103,89,8
2024-11-29,2024,11,29,November,48,4,334,4,Friday,1,0,,0,0,0,0,0.0,0,33.6,0.0,89,0,0,0,0,0,0,0.0,0,0,0,0,0,0
2024-11-30,2024,11,30,November,48,4,335,5,Saturday,1,0,,5,12,0,0,0.0,0,37.0,6.0,112,0,155,69,65,21,175,2.8,0,4,1,74,75,13
2024-12-01,2024,12,1,December,48,4,336,6,Sunday,0,0,,8,19,1,0,0.0,0,31.6,23.9,81,0,230,103,92,35,230,4.0,0,2,0,110,83,18
2024-12-02,2024,12,2,December,49,4,337,0,Monday,0,0,,8,16,0,0,0.0,0,34.0,0.0,94,0,239,117,100,22,258,4.8,0,1,0,123,112,18
2024-12-03,2024,12,3,December,49,4,338,1,Tuesday,0,0,,8,22,0,0,0.0,0,34.1,0.0,107,0,213,95,93,25,213,2.4,1,1,1,107,81,15
2024-12-04,2024,12,4,December,49,4,339,2,Wednesday,0,0,,8,22,0,0,0.0,0,35.2,14.3,102,0,182,91,66,25,218,3.3,0,3,0,88,93,8
2024-12-05,2024,12,5,December,49,4,340,3,Thursday,0,0,,8,16,0,0,0.0,0,33.3,0.0,95,0,213,99,84,30,273,2.0,0,3,1,121,102,18
2024-12-06,2024,12,6,December,49,4,341,4,Friday,1,0,,0,0,0,0,0.0,0,32.1,0.0,109,0,0,0,0,0,0,0.0,0,0,0,0,0,0
2024-12-07,2024,12,7,December,49,4,342,5,Saturday,1,0,,5,8,0,0,0.0,0,29.4,18.5,77,0,138,64,56,18,145,2.9,0,2,0,69,55,10
2024-12-08,2024,12,8,December,49,4,343,6,Sunday,0,0,,8,18,0,0,0.0,0,30.5,5.7,84,0,206,105,78,23,257,2.6,2,2,1,108,111,17
2024-12-09,2024,12,9,December,50,4,344,0,Monday,0,0,,8,16,0,0,0.0,0,31.0,0.0,95,0,234,114,88,32,277,3.1,0,5,0,131,106,13
2024-12-10,2024,12,10,December,50,4,345,1,Tuesday,0,0,,8,21,0,0,0.0,0,32.7,0.0,107,0,264,134,108,22,322,2.5,1,1,0,154,139,23
2024-12-11,2024,12,11,December,50,4,346,2,Wednesday,0,0,,8,16,0,0,0.0,0,34.3,0.0,120,0,220,97,93,30,276,2.9,0,4,2,135,114,15
2024-12-12,2024,12,12,December,50,4,347,3,Thursday,0,0,,8,14,0,0,0.0,0,32.2,0.0,120,0,221,98,96,27,273,3.1,2,2,1,129,117,13
2024-12-13,2024,12,13,December,50,4,348,4,Friday,1,0,,0,0,0,0,0.0,0,29.8,17.1,94,0,0,0,0,0,0,0.0,0,0,0,0,0,0
2024-12-14,2024,12,14,December,50,4,349,5,Saturday,1,0,,5,9,0,0,0.0,0,32.6,2.6,103,0,149,72,56,21,156,2.3,0,3,1,63,66,5
2024-12-15,2024,12,15,December,50,4,350,6,Sunday,0,0,,8,15,1,0,0.0,0,32.2,0.0,98,0,203,101,85,17,208,2.2,0,2,1,90,84,18
2024-12-16,2024,12,16,December,51,4,351,0,Monday,0,0,,8,19,0,0,0.0,0,32.1,0.0,120,0,228,98,81,49,312,2.8,0,1,0,161,117,17
2024-12-17,2024,12,17,December,51,4,352,1,Tuesday,0,0,,8,15,0,0,0.0,0,35.0,2.8,95,0,190,81,79,30,235,2.6,0,1,0,119,100,11
2024-12-18,2024,12,18,December,51,4,353,2,Wednesday,0,0,,8,21,0,0,0.0,0,29.6,0.0,102,0,195,95,71,29,248,2.7,1,5,0,115,116,12
2024-12-19,2024,12,19,December,51,4,354,3,Thursday,0,0,,8,19,0,0,0.0,0,26.1,12.0,86,0,187,84,69,34,221,2.6,1,1,0,104,98,15
2024-12-20,2024,12,20,December,51,4,355,4,Friday,1,0,,0,0,0,0,0.0,0,32.2,0.0,108,0,0,0,0,0,0,0.0,0,0,0,0,0,0
2024-12-21,2024,12,21,December,51,4,356,5,Saturday,1,0,,5,12,0,0,0.0,0,29.4,0.0,91,0,148,71,58,19,184,4.1,0,0,0,78,79,11
2024-12-22,2024,12,22,December,51,4,357,6,Sunday,0,0,,8,17,0,0,0.0,0,31.3,16.7,91,0,211,89,77,45,254,2.6,1,0,0,103,98,20
2024-12-23,2024,12,23,December,52,4,358,0,Monday,0,0,,8,15,0,0,0.0,0,32.8,0.0,112,0,243,109,88,46,243,3.7,1,3,1,117,101,12
2024-12-24,2024,12,24,December,52,4,359,1,Tuesday,0,0,,8,15,0,0,0.0,0,31.2,0.0,106,0,225,94,98,33,255,3.1,1,3,1,121,113,8
2024-12-25,2024,12,25,December,52,4,360,2,Wednesday,0,0,,8,18,0,0,0.0,0,26.6,0.0,108,0,197,99,81,17,223,3.7,0,3,0,90,83,13
2024-12-26,2024,12,26,December,52,4,361,3,Thursday,0,0,,8,14,0,0,0.0,0,28.4,0.0,98,0,223,102,92,29,254,4.0,2,4,0,108,91,9
2024-12-27,2024,12,27,December,52,4,362,4,Friday,1,0,,0,0,0,0,0.0,0,32.2,9.7,116,0,0,0,0,0,0,0.0,0,0,0,0,0,0
2024-12-28,2024,12,28,December,52,4,363,5,Saturday,1,0,,5,12,0,0,0.0,0,30.5,18.8,74,0,140,59,62,19,142,3.2,2,1,1,69,60,7
2024-12-29,2024,12,29,December,52,4,364,6,Sunday,0,0,,8,19,0,0,0.0,0,29.2,0.0,108,0,208,94,77,37,235,2.5,1,2,1,111,87,12
2024-12-30,2024,12,30,December,1,4,365,0,Monday,0,0,,8,19,0,0,0.0,0,31.1,4.3,110,0,236,118,97,21,294,3.8,3,3,0,144,124,19
2024-12-31,2024,12,31,December,1,4,366,1,Tuesday,0,0,,8,22,0,0,0.0,0,21.2,0.0,97,0,220,97,90,33,233,2.7,1,3,0,118,98,9
